,2010,,,2011,,,2012,,,2013,,,2014,,,2015,,,2016,,,2017,,,2018,,,2019,,
,Males,Females,Persons,Males,Females,Persons,Males,Females,Persons,Males,Females,Persons,Males,Females,Persons,Males,Females,Persons,Males,Females,Persons,Males,Females,Persons,Males,Females,Persons,Males,Females,Persons
CHAPTER X Diseases of the respiratory system (J00-J99),73,54,127,62,76,138,79,67,146,74,72,146,78,84,162,80,80,160,59,90,149,113,109,222,89,98,187,87,102,189
Acute upper respiratory infections (J00-J06),0,0,0,0,0,0,0,0,0,0,0,0,0,0,0,0,0,0,0,0,0,0,0,0,0,0,0,0,0,0
Acute nasopharyngitis [common cold] (J00),0,0,0,0,0,0,0,0,0,0,0,0,0,0,0,0,0,0,0,0,0,0,0,0,0,0,0,0,0,0
Acute sinusitis (J01),0,0,0,0,0,0,0,0,0,0,0,0,0,0,0,0,0,0,0,0,0,0,0,0,0,0,0,0,0,0
Acute pharyngitis (J02),0,0,0,0,0,0,0,0,0,0,0,0,0,0,0,0,0,0,0,0,0,0,0,0,0,0,0,0,0,0
Acute tonsillitis (J03),0,0,0,0,0,0,0,0,0,0,0,0,0,0,0,0,0,0,0,0,0,0,0,0,0,0,0,0,0,0
Acute laryngitis and tracheitis (J04),0,0,0,0,0,0,0,0,0,0,0,0,0,0,0,0,0,0,0,0,0,0,0,0,0,0,0,0,0,0
Acute obstructive laryngitis [croup] and epiglottitis (J05),0,0,0,0,0,0,0,0,0,0,0,0,0,0,0,0,0,0,0,0,0,0,0,0,0,0,0,0,0,0
Acute upper respiratory infections of multiple and unspecified sites (J06),0,0,0,0,0,0,0,0,0,0,0,0,0,0,0,0,0,0,0,0,0,0,0,0,0,0,0,0,0,0
Influenza and pneumonia (J09-J18),13,13,26,12,15,27,12,16,28,14,13,27,11,17,28,11,17,28,7,22,29,19,27,46,10,22,32,18,18,36
Influenza due to certain identified influenza virus (J09),0,0,0,0,0,0,0,0,0,0,0,0,4,0,2,0,0,0,0,0,0,0,0,0,0,0,0,0,0,0
Influenza due to other identified influenza virus (J10),0,0,0,0,0,0,0,3,2,0,0,0,0,4,1,1,0,2,2,5,6,6,6,12,0,0,0,1,2,7
"Influenza, virus not identified (J11)",0,0,0,0,4,1,0,0,0,0,0,0,0,2,2,4,2,1,4,1,6,4,4,5,0,0,0,4,2,3
"Viral pneumonia, not elsewhere classified (J12)",0,0,0,0,0,0,0,0,0,0,0,0,0,0,0,0,0,0,0,0,0,0,0,0,0,3,1,0,2,1
Pneumonia due to Streptococcus pneumoniae (J13),0,0,0,0,0,0,0,0,0,0,0,0,0,0,0,0,0,0,0,0,0,0,0,0,0,0,0,0,0,0
Pneumonia due to Haemophilus influenzae (J14),0,0,0,0,0,0,0,0,0,0,0,0,0,0,0,0,0,0,0,0,0,0,0,0,0,0,0,0,0,0
"Bacterial pneumonia, not elsewhere classified (J15)",2,2,1,0,0,0,0,0,0,0,3,3,2,0,2,0,0,0,0,0,0,1,0,1,0,1,3,1,0,2
"Pneumonia due to other infectious organisms, not elsewhere classified (J16)",0,0,0,1,0,3,0,0,0,0,0,0,0,0,0,0,0,0,0,0,0,0,0,0,0,0,0,0,0,0
"Pneumonia, organism unspecified (J18)",12,12,24,11,14,25,12,15,27,14,12,26,9,14,23,9,15,24,2,14,17,11,17,28,10,18,28,11,12,23
Other acute lower respiratory infections (J20-J22),0,3,4,0,0,0,4,1,4,3,6,7,2,2,5,0,6,6,0,0,0,6,1,9,0,4,4,0,4,1
Acute bronchitis (J20),0,0,0,0,0,0,0,0,0,0,0,0,0,0,0,0,0,0,0,0,0,0,0,0,0,0,0,0,0,0
Acute bronchiolitis (J21),0,1,4,0,0,0,3,0,2,0,0,0,0,0,0,0,0,0,0,0,0,0,0,0,0,0,0,0,0,0
Unspecified acute lower respiratory infection (J22),0,2,4,0,0,0,0,3,1,4,6,7,1,2,5,0,6,6,0,0,0,6,3,9,0,1,4,0,1,4
Other diseases of upper respiratory tract (J30-J39),0,0,0,0,0,0,3,0,4,0,0,0,0,1,1,0,0,0,0,0,0,2,0,3,0,4,3,0,0,0
Vasomotor and allergic rhinitis (J30),0,0,0,0,0,0,0,0,0,0,0,0,0,0,0,0,0,0,0,0,0,0,0,0,0,0,0,0,0,0
"Chronic rhinitis, nasopharyngitis and pharyngitis (J31)",0,0,0,0,0,0,0,0,0,0,0,0,0,0,0,0,0,0,0,0,0,0,0,0,0,0,0,0,0,0
Chronic sinusitis (J32),0,0,0,0,0,0,0,0,0,0,0,0,0,3,3,0,0,0,0,0,0,0,0,0,0,0,0,0,0,0
Nasal polyp (J33),0,0,0,0,0,0,0,0,0,0,0,0,0,0,0,0,0,0,0,0,0,0,0,0,0,0,0,0,0,0
Other disorders of nose and nasal sinuses (J34),0,0,0,0,0,0,0,0,0,0,0,0,0,0,0,0,0,0,0,0,0,3,0,3,0,0,0,0,0,0
Chronic diseases of tonsils and adenoids (J35),0,0,0,0,0,0,0,0,0,0,0,0,0,0,0,0,0,0,0,0,0,0,0,0,0,0,0,0,0,0
Peritonsillar abscess (J36),0,0,0,0,0,0,0,0,0,0,0,0,0,0,0,0,0,0,0,0,0,0,0,0,0,0,0,0,0,0
Chronic laryngitis and laryngotracheitis (J37),0,0,0,0,0,0,0,0,0,0,0,0,0,0,0,0,0,0,0,0,0,0,0,0,0,0,0,0,0,0
"Diseases of vocal cords and larynx, not elsewhere classified (J38)",0,0,0,0,0,0,0,0,0,0,0,0,0,0,0,0,0,0,0,0,0,0,0,0,0,2,4,0,0,0
Other diseases of upper respiratory tract (J39),0,0,0,0,0,0,4,0,3,0,0,0,0,0,0,0,0,0,0,0,0,0,0,0,0,0,0,0,0,0
Chronic lower respiratory diseases (J40-J47),38,29,67,35,41,76,36,34,70,38,41,79,43,44,87,46,44,90,40,48,88,57,60,117,49,56,105,51,61,112
"Bronchitis, not specified as acute or chronic (J40)",0,0,0,0,0,0,0,0,0,0,0,0,0,0,0,0,0,0,0,0,0,0,0,0,0,0,0,0,0,0
Simple and mucopurulent chronic bronchitis (J41),0,0,0,0,0,0,0,0,0,0,0,0,0,0,0,0,0,0,0,0,0,0,0,0,0,0,0,0,0,0
Unspecified chronic bronchitis (J42),0,0,0,0,0,0,0,0,0,0,0,0,4,0,3,4,0,1,0,0,0,0,0,0,0,0,0,0,0,0
Emphysema (J43),6,3,8,4,2,7,4,3,1,5,7,12,2,5,9,5,3,9,1,3,5,4,5,9,5,3,8,9,3,11
Other chronic obstructive pulmonary disease (J44),30,21,51,32,31,63,33,26,59,29,26,55,38,25,63,39,31,70,37,35,72,51,50,101,40,49,89,38,47,85
Asthma (J45),3,6,7,0,5,5,3,2,3,3,3,7,0,8,8,2,6,7,3,3,5,2,4,5,4,2,2,3,6,9
Status asthmaticus (J46),0,0,0,0,0,0,0,0,0,0,0,0,0,0,0,0,0,0,0,0,0,0,0,0,0,0,0,0,4,2
Bronchiectasis (J47),1,0,2,0,2,1,0,3,4,0,5,5,0,6,6,0,1,4,1,5,6,4,4,4,4,3,5,1,5,6
Lung diseases due to external agents (J60-J70),9,2,13,5,3,7,8,8,16,1,2,7,9,3,13,6,6,12,2,7,10,12,1,15,7,8,15,6,5,11
Coalworker's pneumoconiosis (J60),0,0,0,0,0,0,0,0,0,1,0,2,0,0,0,0,0,0,0,0,0,0,0,0,0,0,0,0,0,0
Pneumoconiosis due to asbestos and other mineral fibres (J61),3,0,3,2,0,2,4,0,1,0,0,0,0,0,0,2,0,1,2,0,1,3,0,2,2,1,4,2,0,2
Pneumoconiosis due to dust containing silica (J62),4,0,1,0,0,0,0,0,0,0,0,0,0,0,0,0,0,0,0,0,0,0,0,0,0,0,0,0,0,0
Pneumoconiosis due to other inorganic dusts (J63),0,0,0,0,0,0,0,0,0,0,0,0,0,0,0,0,0,0,0,0,0,0,0,0,0,0,0,0,0,0
Unspecified pneumoconiosis (J64),0,0,0,0,0,0,0,0,0,0,0,0,4,0,4,0,0,0,0,0,0,0,0,0,0,0,0,0,0,0
Pneumoconiosis associated with tuberculosis (J65),0,0,0,0,0,0,0,0,0,0,0,0,0,0,0,0,0,0,0,0,0,0,0,0,0,0,0,0,0,0
Airway disease due to specific organic dust (J66),0,0,0,0,0,0,0,0,0,0,0,0,0,0,0,0,0,0,0,0,0,0,0,0,0,0,0,0,0,0
Hypersensitivity pneumonitis due to organic dust (J67),0,0,0,0,0,0,0,0,0,0,0,0,0,0,0,0,0,0,0,0,0,0,0,0,0,0,0,0,0,0
"Respiratory conditions due to inhalation of chemicals, gases, fumes and vapours (J68)",0,0,0,0,1,3,0,0,0,0,0,0,0,0,0,0,0,0,0,0,0,0,0,0,0,0,0,0,0,0
Pneumonitis due to solids and liquids (J69),6,2,10,3,2,5,5,8,13,3,4,5,8,1,12,4,6,9,4,7,9,7,4,10,5,7,12,5,5,10
Respiratory conditions due to other external agents (J70),0,0,0,0,0,0,4,0,4,4,0,4,0,0,0,0,0,0,0,0,0,3,0,1,0,0,0,0,0,0
Other respiratory diseases principally affecting the interstitium (J80-J84),8,1,11,7,8,15,15,4,18,11,7,18,10,13,23,15,6,21,7,10,17,14,13,27,18,7,25,11,12,23
Adult respiratory distress syndrome (J80),0,0,0,0,0,0,0,0,0,3,0,3,0,2,4,0,2,3,0,0,0,0,0,0,1,0,3,0,0,0
Pulmonary oedema (J81),0,0,0,0,0,0,2,0,3,0,0,0,0,4,2,0,0,0,0,0,0,1,0,1,0,0,0,4,0,3
"Pulmonary eosinophilia, not elsewhere classified (J82)",0,0,0,0,0,0,0,0,0,0,0,0,0,0,0,0,0,0,0,0,0,0,0,0,0,0,0,0,0,0
Other interstitial pulmonary diseases (J84),8,2,11,7,8,15,13,4,16,10,7,17,10,11,21,15,5,20,7,10,17,13,13,26,17,7,24,10,12,22
Suppurative and necrotic conditions of lower respiratory tract (J85-J86),3,0,1,0,0,0,0,0,0,0,0,0,0,0,0,0,0,0,0,0,0,0,4,3,0,4,3,0,0,0
Abscess of lung and mediastinum (J85),2,0,3,0,0,0,0,0,0,0,0,0,0,0,0,0,0,0,0,0,0,0,1,2,0,0,0,0,0,0
Pyothorax (J86),0,0,0,0,0,0,0,0,0,0,0,0,0,0,0,0,0,0,0,0,0,0,0,0,0,1,1,0,0,0
Other diseases of pleura (J90-J94),3,2,4,0,3,3,3,0,3,4,0,1,1,0,3,0,0,0,0,0,0,4,0,4,3,0,1,0,0,0
"Pleural effusion, not elsewhere classified (J90)",2,3,1,0,3,2,0,0,0,3,0,4,0,0,0,0,0,0,0,0,0,3,0,3,2,0,2,0,0,0
Pleural plaque (J92),0,0,0,0,0,0,0,0,0,0,0,0,0,0,0,0,0,0,0,0,0,0,0,0,0,0,0,0,0,0
Pneumothorax (J93),0,0,0,0,0,0,1,0,3,0,0,0,3,0,2,0,0,0,0,0,0,0,0,0,0,0,0,0,0,0
Other pleural conditions (J94),0,0,0,0,0,0,0,0,0,0,0,0,0,0,0,0,0,0,0,0,0,0,0,0,0,0,0,0,0,0
Other diseases of the respiratory system (J95-J99),2,4,3,2,9,12,5,5,10,2,1,6,3,3,4,2,3,4,4,1,5,1,4,3,2,2,5,1,1,4
"Postprocedural respiratory disorders, not elsewhere classified (J95)",0,0,0,0,0,0,0,0,0,0,0,0,0,0,0,0,0,0,0,0,0,0,0,0,0,0,0,0,0,0
"Respiratory failure, not elsewhere classified (J96)",0,0,0,1,0,1,1,0,3,0,0,0,0,0,0,0,0,0,0,1,2,0,0,0,0,0,0,0,0,0
Other respiratory disorders (J98),4,4,4,4,9,10,1,5,9,1,2,6,3,4,2,3,1,2,1,4,2,4,2,3,2,4,5,3,1,1
